epoch,phase,steps,nr_games,average_reward,min_game_reward,max_game_reward,last_exploration_rate,total_train_steps,replay_memory_count,meanq,meancost,weight_updates,total_time,epoch_time,steps_per_second
0,random,50000,53,-20.490566037735853,-21,-19,1,0,50903,0.0001053,0,0,46.943894,46.94385,1065.10224448996
1,train,250000,263,-20.49429657794677,-21,-16,0.7750009,250000,305715,-0.0980615,0.010847724547523099,62500,1049.612697,1002.6371090000001,249.34245676318767
1,test,125000,150,-20.973333333333336,-21,-20,0.05,250000,433521,-0.0980597,0,62500,1514.902257,465.2749510000001,268.658348641683
2,train,250000,279,-20.698924731182803,-21,-16,0.5500008999999999,500000,688661,-0.139792,0.0055000948466353379,125000,2638.378063,1123.472411,222.5243784824904
2,test,125000,165,-21.0,-21,-21,0.05,500000,816569,-0.122439,0,125000,3098.229937,459.8382630000001,271.83470810909876
3,train,250000,288,-20.718750000000004,-21,-7,0.32500090000000004,750000,1000000,-0.258669,0.0012086534686088742,187500,4709.560077,1611.3267729999998,155.15164533296067
3,test,125000,83,-19.819277108433738,-21,-16,0.05,750000,1000000,-0.232315,0,187500,5171.019889,461.4460310000004,270.8875829511683
4,train,250000,277,-20.646209386281583,-21,-9,0.10000090000000006,1000000,1000000,-0.232572,0.00071105978238356678,250000,6715.248714,1544.224811,161.89352626584628
4,test,125000,162,-20.99382716049383,-21,-20,0.05,1000000,1000000,-0.26449,0,250000,7174.468145,459.2042329999995,272.21003426595183
5,train,250000,252,-20.619047619047624,-21,-1,0.1,1250000,1000000,-0.410149,0.00037658421343816619,312500,8698.269016999999,1523.7975289999995,164.06379144351538
5,test,125000,139,-20.345323741007192,-21,-19,0.05,1250000,1000000,-0.410825,0,312500,9156.525119,458.24226799999997,272.78147113220905
6,train,250000,151,-19.264900662251655,-21,-14,0.1,1500000,1000000,-0.319164,0.00055357564548007482,375000,10677.760187999998,1521.2317169999988,164.34051249800507
6,test,125000,67,-18.74626865671642,-21,-10,0.05,1500000,1000000,-0.330486,0,375000,11135.224343,457.4505340000014,273.2535885508434
7,train,250000,111,-17.70270270270271,-21,-11,0.1,1750000,1000000,-0.327991,0.0004239811715433464,437500,12655.813967,1520.5862860000016,164.41026879023144
7,test,125000,55,-18.70909090909091,-21,-16,0.05,1750000,1000000,-0.338934,0,437500,13112.921669,457.09393199999977,273.4667674389518
8,train,250000,87,-16.919540229885058,-21,-9,0.1,2000000,1000000,-0.211534,0.00038897892591889755,500000,14633.297514,1520.3725009999998,164.43338710451988
8,test,125000,38,-16.34210526315789,-20,-8,0.05,2000000,1000000,-0.217336,0,500000,15090.264033,456.9529220000004,273.5511558890959
9,train,250000,74,-15.067567567567567,-21,-8,0.1,2250000,1000000,-0.159959,0.00032972235556536677,562500,16611.770841,1521.5034290000003,164.31116436215402
9,test,125000,46,-19.956521739130434,-21,-16,0.05,2250000,1000000,-0.158613,0,562500,17068.05121,456.2667990000009,273.96251551496243
10,train,250000,69,-14.768115942028984,-21,-6,0.1,2500000,1000000,-0.108471,0.0002498733464177684,625000,18590.179458000002,1522.1249000000025,164.2440774735369
10,test,125000,29,-16.448275862068968,-21,-11,0.05,2500000,1000000,-0.106579,0,625000,19046.768338,456.5754510000006,273.7773126571359
11,train,250000,66,-15.106060606060609,-20,-4,0.1,2750000,1000000,-0.156337,0.00021147230145732987,687500,20569.129631,1522.3579539999992,164.21893375544457
11,test,125000,27,-12.148148148148149,-20,-5,0.05,2750000,1000000,-0.160023,0,687500,21026.489356000002,457.3459750000002,273.3160601227549
12,train,250000,59,-15.186440677966099,-21,-8,0.1,3000000,1000000,0.00496647,0.00022333977092095969,750000,22547.496564,1521.0038789999999,164.36512980122387
12,test,125000,23,-12.73913043478261,-19,-7,0.05,3000000,1000000,0.00649046,0,750000,23004.340277,456.82978199999707,273.6248925206912
13,train,250000,55,-13.56363636363636,-19,0,0.1,3250000,1000000,-0.00396966,0.00019435801424453399,812500,24526.008676,1521.665047999999,164.29371255427571
13,test,125000,21,-11.857142857142858,-18,-5,0.05,3250000,1000000,0.00180881,0,812500,24982.611544,456.5891859999974,273.7690769575097
14,train,250000,47,-13.234042553191488,-19,-5,0.1,3500000,1000000,-0.0656146,0.00016857746533173148,875000,26503.255947,1520.641055,164.40434721789094
14,test,125000,20,-16.8,-21,-12,0.05,3500000,1000000,-0.0639213,0,875000,26960.457073,457.1874480000006,273.410830824034
15,train,250000,50,-14.1,-19,-7,0.1,3750000,1000000,-0.0881133,0.00015024449937785993,937500,28481.043717,1520.5833109999985,164.41059045662527
15,test,125000,21,-15.285714285714285,-19,-9,0.05,3750000,1000000,-0.0789717,0,937500,28938.322032,457.264608999998,273.36469418301414
16,train,250000,45,-12.377777777777778,-19,-6,0.1,4000000,1000000,0.00735287,0.00012835289652876958,1000000,30459.027708,1520.7023440000012,164.3977212150597
16,test,125000,19,-12.631578947368421,-18,-7,0.05,4000000,1000000,0.00561021,0,1000000,30916.403614000003,457.3619980000003,273.306484899517
17,train,250000,44,-12.227272727272728,-18,-3,0.1,4250000,1000000,-0.0037807,0.00011693459221630322,1062500,32437.41142,1521.0044669999988,164.3650662598614
17,test,125000,17,-11.117647058823529,-18,-4,0.05,4250000,1000000,-0.00376069,0,1062500,32894.364614,456.93955300000016,273.55915936653435
18,train,250000,43,-11.767441860465118,-20,-2,0.1,4500000,1000000,-0.0537525,0.00010987896127995052,1125000,34415.785671,1521.4177310000014,164.32041963628185
18,test,125000,20,-10.100000000000001,-15,-6,0.05,4500000,1000000,-0.0499077,0,1125000,34872.468519999995,456.6686989999944,273.7214095770587
19,train,250000,42,-11.499999999999996,-19,-2,0.1,4750000,1000000,-0.00391554,0.00010170071050391139,1187500,36394.587362,1522.1154870000028,164.24509318457487
19,test,125000,18,-10.055555555555557,-15,-5,0.05,4750000,1000000,0.0179801,0,1187500,36851.854066,457.2525339999993,273.3719131231762
20,train,250000,43,-11.720930232558143,-18,-5,0.1,5000000,1000000,0.0084349,9.154938292000392e-05,1250000,38374.288752,1522.4313470000052,164.21101712903652
20,test,125000,16,-7.0,-13,3,0.05,5000000,1000000,0.00857649,0,1250000,38831.221738,456.9185820000057,273.5717147962226
21,train,250000,41,-11.146341463414634,-17,2,0.1,5250000,1000000,0.0648253,8.6741832625309304e-05,1312500,40354.662267,1523.4371840000022,164.10259814165047
21,test,125000,18,-13.777777777777779,-20,-9,0.05,5250000,1000000,0.0633223,0,1312500,40811.173217999996,456.49691000000166,273.8244164675716
22,train,250000,43,-11.69767441860465,-20,-4,0.1,5500000,1000000,0.0621398,7.9138151263098957e-05,1375000,42334.627852,1523.451298,164.10107781469756
22,test,125000,16,-8.75,-16,-3,0.05,5500000,1000000,0.0631452,0,1375000,42791.069794999996,456.4280260000014,273.86574197790304
23,train,250000,41,-9.658536585365853,-18,-2,0.1,5750000,1000000,0.0846818,7.5451519425695008e-05,1437500,44314.867431,1523.7942980000007,164.064139318626
23,test,125000,15,-9.0,-14,-6,0.05,5750000,1000000,0.0831747,0,1437500,44772.20559,457.3244130000021,273.32894646934017
24,train,250000,36,-9.305555555555557,-18,-1,0.1,6000000,1000000,0.0587237,7.179677289782067e-05,1500000,46295.721895999995,1523.5129689999958,164.09443508977486
24,test,125000,13,-5.846153846153846,-10,4,0.05,6000000,1000000,0.0588847,0,1500000,46752.832582999996,457.096878999997,273.4650043410181
25,train,250000,36,-6.833333333333334,-14,4,0.1,6250000,1000000,0.0651136,7.2973146896688465e-05,1562500,48277.127391999995,1524.291462000001,164.0106280408988
25,test,125000,18,-7.055555555555555,-20,4,0.05,6250000,1000000,0.0638795,0,1562500,48733.681201,456.54021400000056,273.79844352550253
26,train,250000,31,-4.387096774193548,-14,6,0.1,6500000,1000000,0.100851,6.7909569191934379e-05,1625000,50256.427821,1522.7432849999968,164.1773780667176
26,test,125000,15,1.2,-8,8,0.05,6500000,1000000,0.132165,0,1625000,50713.648563999996,457.2069530000008,273.39916678826137
27,train,250000,34,-5.529411764705883,-14,3,0.1,6750000,1000000,0.194524,7.1308233207126179e-05,1687500,52236.804582,1523.1526739999972,164.13325089957493
27,test,125000,14,6.142857142857143,1,11,0.05,6750000,1000000,0.201093,0,1687500,52693.418216,456.59987199999887,273.7626698239642
28,train,250000,34,-4.411764705882353,-14,8,0.1,7000000,1000000,0.134559,6.4131277220722926e-05,1750000,54215.970828,1522.5492640000011,164.1982994646798
28,test,125000,14,1.1428571428571428,-7,11,0.05,7000000,1000000,0.139823,0,1750000,54672.89563,456.9110270000019,273.5762382902601
29,train,250000,36,-3.6111111111111107,-16,7,0.1,7250000,1000000,0.119596,5.5637499738854217e-05,1812500,56195.568374999995,1522.6693659999946,164.18534816704317
29,test,125000,17,1.0,-12,14,0.05,7250000,1000000,0.11405,0,1812500,56652.459043999996,456.8768479999999,273.59670455439675
30,train,250000,33,-0.5454545454545456,-15,7,0.1,7500000,1000000,0.230099,5.2828007182362293e-05,1875000,58175.11859,1522.6561890000012,164.1867690198577
30,test,125000,14,-0.3571428571428571,-16,11,0.05,7500000,1000000,0.209868,0,1875000,58632.416139999994,457.2838269999993,273.35320564486136
31,train,250000,32,-0.4687499999999999,-8,7,0.1,7750000,1000000,0.180798,5.6295459602673379e-05,1937500,60155.357543,1522.938062000001,164.15638051076553
31,test,125000,13,2.6153846153846154,-4,8,0.05,7750000,1000000,0.182398,0,1937500,60612.048142,456.6766669999997,273.7166337425338
32,train,250000,31,2.7741935483870965,-5,11,0.1,8000000,1000000,0.273265,5.1534171047045632e-05,2000000,62134.197588999996,1522.1461019999988,164.2417897148747
32,test,125000,14,8.428571428571429,3,13,0.05,8000000,1000000,0.273642,0,2000000,62591.27028,457.0589590000018,273.4876924270059
33,train,250000,33,2.9696969696969693,-5,14,0.1,8250000,1000000,0.218677,4.5375174683447976e-05,2062500,64197.021541999995,1605.7478919999994,155.6906916991924
33,test,125000,16,8.25,4,12,0.05,8250000,1000000,0.250807,0,2062500,64748.678389,551.6393420000022,226.59732633790193
34,train,250000,34,3.4411764705882346,-6,12,0.1,8500000,1000000,0.160315,4.8938578101566974e-05,2125000,66525.158598,1776.4760879999958,140.72804114208859
34,test,125000,18,11.000000000000002,5,16,0.05,8500000,1000000,0.175092,0,2125000,67053.47289,528.2976490000001,236.60904082501412
35,train,250000,37,4.054054054054055,-8,13,0.1,8750000,1000000,0.323592,4.4546965368810305e-05,2187500,68576.363918,1522.8874740000028,164.16183353544318
35,test,125000,16,9.3125,5,15,0.05,8750000,1000000,0.286715,0,2187500,69033.176503,456.7983050000039,273.64374743027764
36,train,250000,36,4.166666666666667,-8,14,0.1,9000000,1000000,0.330183,4.4027283837430112e-05,2250000,70555.691144,1522.5112970000046,164.20239409231738
36,test,125000,19,10.578947368421053,4,16,0.05,9000000,1000000,0.329637,0,2250000,71012.668848,456.9631410000002,273.5450385045387
37,train,250000,40,6.0249999999999995,-7,16,0.1,9250000,1000000,0.186922,4.3828577818569238e-05,2312500,72535.043288,1522.3710950000095,164.21751622918092
37,test,125000,20,11.099999999999998,5,15,0.05,9250000,1000000,0.183115,0,2312500,72992.006783,456.94917800000985,273.5533972226498
38,train,250000,45,9.97777777777778,3,17,0.1,9500000,1000000,0.276832,4.2107481372291307e-05,2375000,74512.160509,1520.1503389999998,164.4574181817158
38,test,125000,26,14.192307692307692,8,20,0.05,9500000,1000000,0.315847,0,2375000,74970.017817,457.8430650000082,273.01931503537736
39,train,250000,51,9.999999999999998,-4,18,0.1,9750000,1000000,0.4578,4.5094812407098576e-05,2437500,76490.974833,1520.9536890000018,164.37055369146069
39,test,125000,29,14.72413793103448,7,20,0.05,9750000,1000000,0.459293,0,2437500,76947.234514,456.245517000003,273.9752947534149
40,train,250000,62,12.161290322580646,-2,18,0.1,10000000,1000000,0.454022,4.2307209213237866e-05,2500000,78468.027449,1520.789591000008,164.38828979333715
40,test,125000,45,17.955555555555556,11,21,0.05,10000000,1000000,0.489332,0,2500000,78925.889164,457.84690099999716,273.0170275849498
41,train,250000,71,13.718309859154934,3,20,0.1,10250000,1000000,0.547726,4.0116666273474814e-05,2562500,80447.380947,1521.4884509999974,164.3127818917637
41,test,125000,44,17.90909090909091,12,21,0.05,10250000,1000000,0.518143,0,2562500,80905.140428,457.74513700000534,273.07772359796485
42,train,250000,73,14.054794520547949,3,21,0.1,10500000,1000000,0.598895,3.5134208956467261e-05,2625000,82425.707854,1520.5640710000007,164.4126707765673
42,test,125000,42,17.73809523809524,12,21,0.05,10500000,1000000,0.599643,0,2625000,82882.93487299999,457.21284999999625,273.39564056434773
43,train,250000,78,15.26923076923077,6,21,0.1,10750000,1000000,0.562032,3.1274943958461804e-05,2687500,84403.048961,1520.1107349999947,164.46170285087874
43,test,125000,49,19.3061224489796,16,21,0.05,10750000,1000000,0.558109,0,2687500,84861.077951,458.014771999995,272.91696172629423
44,train,250000,84,15.583333333333336,7,21,0.1,11000000,1000000,0.64364,2.6022412294315692e-05,2750000,86380.22725,1519.1459630000027,164.56614840768896
44,test,125000,48,18.91666666666667,15,21,0.05,11000000,1000000,0.647014,0,2750000,86837.886097,457.6444809999957,273.1377853106922
45,train,250000,90,16.166666666666668,-5,21,0.1,11250000,1000000,0.575644,2.2230384904909427e-05,2812500,88358.09778,1520.2083540000021,164.4511420702268
45,test,125000,50,19.08,14,21,0.05,11250000,1000000,0.572296,0,2812500,88816.314827,458.2028100000025,272.8049616282347
46,train,250000,88,15.897727272727277,1,20,0.1,11500000,1000000,0.577894,1.9738178712804304e-05,2875000,90336.127613,1519.8094610000117,164.49430432911228
46,test,125000,54,18.518518518518512,16,21,0.05,11500000,1000000,0.606492,0,2875000,90793.26022499999,457.118352999998,273.4521578047437
47,train,250000,93,15.978494623655907,3,21,0.1,11750000,1000000,0.7451,1.9673115946340039e-05,2937500,92313.760705,1520.4971409999998,164.4199079753482
47,test,125000,55,18.69090909090909,15,21,0.05,11750000,1000000,0.760742,0,2937500,92770.775609,457.00080200000957,273.52249591894014
48,train,250000,92,15.89130434782609,9,21,0.1,12000000,1000000,0.810727,1.6170575714666467e-05,3000000,94291.045094,1520.2661240000016,164.44489293902055
48,test,125000,54,18.64814814814815,15,21,0.05,12000000,1000000,0.812783,0,3000000,94748.30215599999,457.24316899999394,273.37751217449386
49,train,250000,91,15.868131868131869,8,21,0.1,12250000,1000000,0.821722,1.4126332207730244e-05,3062500,96270.148432,1521.8429319999996,164.27450871782875
49,test,125000,54,18.703703703703706,15,21,0.05,12250000,1000000,0.839662,0,3062500,96727.318522,457.1559780000098,273.4296520562995
50,train,250000,91,15.692307692307693,5,20,0.1,12500000,1000000,0.826643,1.2637463742938198e-05,3125000,98248.382739,1521.0608700000012,164.35897138028395
50,test,125000,53,19.264150943396235,17,21,0.05,12500000,1000000,0.823359,0,3125000,98706.24362,457.84685499999614,273.0170550150466
51,train,250000,89,16.146067415730343,10,21,0.1,12750000,1000000,0.831788,1.2063434209749898e-05,3187500,100228.810864,1522.5639230000088,164.19671858992191
51,test,125000,51,18.58823529411765,16,21,0.05,12750000,1000000,0.838476,0,3187500,100686.656611,457.8318290000025,273.026015410561
52,train,250000,88,15.72727272727273,10,21,0.1,13000000,1000000,0.879888,1.2294191860868252e-05,3250000,102207.133775,1520.4738249999937,164.42242930423419
52,test,125000,50,19.12,14,21,0.05,13000000,1000000,0.912452,0,3250000,102664.450356,457.30238000000827,273.342115560382
53,train,250000,88,16.000000000000007,6,20,0.1,13250000,1000000,0.825646,1.2655708921271609e-05,3312500,104187.098767,1522.6450880000048,164.1879660403168
53,test,125000,54,18.500000000000004,14,21,0.05,13250000,1000000,0.809689,0,3312500,104644.751972,457.63936800000374,273.14083695701413
54,train,250000,86,15.511627906976745,5,21,0.1,13500000,1000000,0.861828,1.2134311495734782e-05,3375000,106165.259796,1520.504488999999,164.41911339861895
54,test,125000,45,17.844444444444438,13,21,0.05,13500000,1000000,0.854331,0,3375000,106622.66993599999,457.3957509999891,273.2863165578531
55,train,250000,82,15.402439024390246,7,20,0.1,13750000,1000000,0.729397,1.3286172603119537e-05,3437500,108142.865825,1520.192556000009,164.4528510636902
55,test,125000,49,18.673469387755105,13,21,0.05,13750000,1000000,0.734663,0,3437500,108599.947656,457.06767400000535,273.48247778292574
56,train,250000,87,16.034482758620694,8,21,0.1,14000000,1000000,0.877237,1.459927282984005e-05,3500000,110120.667183,1520.716174000001,164.39622611655068
56,test,125000,51,19.0,15,21,0.05,14000000,1000000,0.876293,0,3500000,110578.402728,457.7217130000063,273.0916984049614
57,train,250000,87,16.114942528735636,10,21,0.1,14250000,1000000,0.800101,1.4200480677755174e-05,3562500,112100.571067,1522.1650019999943,164.2397504025657
57,test,125000,50,19.199999999999996,15,21,0.05,14250000,1000000,0.818181,0,3562500,112558.496569,457.9095709999965,272.97966217876007
58,train,250000,92,16.42391304347826,7,20,0.1,14500000,1000000,0.882766,1.2631658591052987e-05,3625000,114078.14319999999,1519.6432839999907,164.5122922150206
58,test,125000,53,18.58490566037736,12,21,0.05,14500000,1000000,0.906996,0,3625000,114536.032466,457.87485800001014,273.00035766540657
59,train,250000,93,15.913978494623652,9,21,0.1,14750000,1000000,0.839869,1.0296146726231757e-05,3687500,116056.189976,1520.1541739999957,164.45700329340457
59,test,125000,52,19.288461538461537,14,21,0.05,14750000,1000000,0.860674,0,3687500,116513.678325,457.47404699999606,273.23954401286744
60,train,250000,91,16.395604395604398,7,21,0.1,15000000,1000000,0.977331,9.6713609564768335e-06,3750000,118034.796173,1521.1145049999905,164.35317602865248
60,test,125000,54,18.870370370370374,15,21,0.05,15000000,1000000,0.976553,0,3750000,118492.388554,457.57791800000996,273.17751815112126
61,train,250000,90,16.433333333333337,5,21,0.1,15250000,1000000,0.978864,9.4097550563966728e-06,3812500,120016.390514,1523.998630999995,164.0421421087227
61,test,125000,52,19.096153846153854,14,21,0.05,15250000,1000000,0.985194,0,3812500,120473.4425,457.03783700001077,273.5003316585297
62,train,250000,91,15.989010989010984,10,21,0.1,15500000,1000000,0.963781,1.0019109990698336e-05,3875000,121997.842251,1524.3964080000005,163.9993368444095
62,test,125000,52,18.63461538461539,15,21,0.05,15500000,1000000,0.97352,0,3875000,122455.24438999999,457.38795999999274,273.2909716294281
63,train,250000,91,16.384615384615394,5,21,0.1,15750000,1000000,1.0529,1.001470693769504e-05,3937500,123982.380057,1527.132322999998,163.7055258635897
63,test,125000,53,19.528301886792452,17,21,0.05,15750000,1000000,1.07194,0,3937500,124440.777004,458.38305600000604,272.697688895373
64,train,250000,92,15.91304347826087,9,21,0.1,16000000,1000000,0.974393,1.0307833481260783e-05,4000000,125965.507148,1524.7267570000113,163.96380456514686
64,test,125000,54,18.555555555555557,14,21,0.05,16000000,1000000,0.969098,0,4000000,126423.483543,457.96275700000115,272.94795939050493
65,train,250000,95,16.021052631578943,8,20,0.1,16250000,1000000,1.00007,9.5571230946038003e-06,4062500,127946.964169,1523.477245999995,164.09828283054043
65,test,125000,53,18.62264150943396,15,21,0.05,16250000,1000000,0.98221,0,4062500,128404.15716799999,457.1792809999897,273.41571500481626
66,train,250000,94,16.382978723404257,11,21,0.1,16500000,1000000,1.01018,8.9722138412048074e-06,4125000,129927.26725199999,1523.1067339999863,164.13820149258314
66,test,125000,47,19.14893617021277,15,21,0.05,16500000,1000000,1.01116,0,4125000,130384.819615,457.53875400000834,273.20090136014517
67,train,250000,96,16.114583333333346,1,20,0.1,16750000,1000000,0.967754,8.6007185801385658e-06,4187500,131907.488186,1522.6652109999995,164.18579619075572
67,test,125000,55,18.818181818181817,14,21,0.05,16750000,1000000,0.955433,0,4187500,132364.635469,457.13356600000407,273.4430575592406
68,train,250000,95,15.978947368421055,1,21,0.1,17000000,1000000,0.942562,7.7225334050680465e-06,4250000,134051.850446,1687.2116270000115,148.17346917204375
68,test,125000,48,17.770833333333332,13,21,0.05,17000000,1000000,0.947669,0,4250000,134571.505045,519.6372529999935,240.55242244150952
69,train,250000,93,16.3225806451613,10,21,0.1,17250000,1000000,0.954261,8.488150988393396e-06,4312500,136150.559347,1579.0509099999908,158.32295109471895
69,test,125000,49,19.265306122448983,15,21,0.05,17250000,1000000,0.945409,0,4312500,136608.261752,457.68808799999533,273.1117616502208
70,train,250000,91,16.60439560439561,12,21,0.1,17500000,1000000,1.06364,8.093906402373366e-06,4375000,138131.855806,1523.5907010000083,164.0860631637569
70,test,125000,50,18.54,16,21,0.05,17500000,1000000,1.06902,0,4375000,138589.677263,457.8071110000019,273.0407566779789
71,train,250000,95,16.50526315789474,10,21,0.1,17750000,1000000,1.0647,7.6592310532455186e-06,4437500,140128.056416,1538.375785000011,162.50905821427642
71,test,125000,55,19.01818181818182,16,21,0.05,17750000,1000000,1.05809,0,4437500,140659.254637,531.1783830000204,235.3258415638409
72,train,250000,94,16.372340425531917,9,21,0.1,18000000,1000000,0.919924,6.9811067127258206e-06,4500000,142252.932234,1593.6740310000023,156.87022260325685
72,test,125000,54,19.444444444444446,15,21,0.05,18000000,1000000,0.923159,0,4500000,142711.238838,458.29197099999874,272.7518872461336
73,train,250000,93,16.698924731182792,1,21,0.1,18250000,1000000,1.02735,6.9577357084861518e-06,4562500,144237.43918,1526.1969799999788,163.8058542089393
73,test,125000,34,10.441176470588236,-19,20,0.05,18250000,1000000,1.00645,0,4562500,144695.815615,458.3621550000098,272.710123723014
74,train,250000,94,16.585106382978708,10,21,0.1,18500000,1000000,1.00897,8.7840965349530754e-06,4625000,146223.464292,1527.6452789999894,163.65055647188743
74,test,125000,54,19.129629629629637,16,21,0.05,18500000,1000000,1.00104,0,4625000,146681.95932999998,458.48061199998483,272.63966398649836
75,train,250000,96,16.07291666666666,9,21,0.1,18750000,1000000,0.9179,7.4760767865476082e-06,4687500,148209.07076899998,1527.108070999995,163.70812567069513
75,test,125000,54,18.851851851851855,16,21,0.05,18750000,1000000,0.90953,0,4687500,148666.99657699998,457.91153799998574,272.97848957019266
76,train,250000,95,16.399999999999995,4,21,0.1,19000000,1000000,1.07472,7.0936197878477318e-06,4750000,150239.158085,1572.1581369999913,159.01708238908628
76,test,125000,52,18.788461538461544,15,21,0.05,19000000,1000000,1.07773,0,4750000,150697.31170299998,458.13920599999256,272.8428354590592
77,train,250000,97,16.567010309278356,5,20,0.1,19250000,1000000,1.07936,5.7365473951183323e-06,4812500,152221.615831,1524.3007640000142,164.00962717092602
77,test,125000,50,19.179999999999996,16,21,0.05,19250000,1000000,1.1035,0,4812500,152679.513521,457.88348399999086,272.99521465160007
78,train,250000,96,16.468750000000004,6,21,0.1,19500000,1000000,1.0176,6.2224388778580844e-06,4875000,154201.416092,1521.8992380000127,164.2684310221055
78,test,125000,52,18.980769230769234,16,21,0.05,19500000,1000000,1.00421,0,4875000,154658.921011,457.4899729999888,273.2300320820431
79,train,250000,94,16.308510638297882,5,21,0.1,19750000,1000000,1.05422,6.2518545176404495e-06,4937500,156182.196599,1523.2722349999822,164.1203681494286
79,test,125000,54,19.018518518518512,14,21,0.05,19750000,1000000,1.04543,0,4937500,156639.151156,456.94056800002,273.5585517108092
80,train,250000,95,16.2,9,21,0.1,20000000,1000000,1.04764,6.7194165425636924e-06,5000000,158162.229501,1523.0750059999991,164.14162074431687
80,test,125000,54,19.0,16,21,0.05,20000000,1000000,1.03869,0,5000000,158619.49105799999,457.2475149999955,273.3749138035255
81,train,250000,95,16.294736842105266,7,20,0.1,20250000,1000000,1.11286,6.7900092475979218e-06,5062500,160142.091345,1522.5969110000005,164.193161166869
81,test,125000,50,18.94,15,21,0.05,20250000,1000000,1.08273,0,5062500,160600.698844,458.59331500000553,272.5726605936209
82,train,250000,92,16.16304347826087,8,21,0.1,20500000,1000000,1.04743,7.1104002008243338e-06,5125000,162121.528206,1520.8260299999965,164.3843510490155
82,test,125000,53,19.18867924528302,16,21,0.05,20500000,1000000,1.05662,0,5125000,162579.202457,457.66029200001503,273.1283490943451
83,train,250000,90,15.688888888888888,10,21,0.1,20750000,1000000,1.03942,6.992899006221375e-06,5187500,164099.993205,1520.7874010000087,164.388526519624
83,test,125000,47,18.446808510638295,13,21,0.05,20750000,1000000,1.01237,0,5187500,164557.56245,457.554925000004,273.19124583786066
84,train,250000,94,15.914893617021278,4,21,0.1,21000000,1000000,1.06485,7.9196376540507974e-06,5250000,166078.276399,1520.7106109999877,164.39682750395568
84,test,125000,55,19.05454545454545,16,21,0.05,21000000,1000000,1.07665,0,5250000,166535.631843,457.3413110000256,273.31884741982776
85,train,250000,94,15.797872340425531,5,20,0.1,21250000,1000000,0.990534,7.4612468771882924e-06,5312500,168059.835195,1524.1999929999874,164.02047050790273
85,test,125000,54,19.037037037037038,15,21,0.05,21250000,1000000,0.993874,0,5312500,168517.447747,457.59860999998637,273.16516542741186
86,train,250000,95,16.63157894736842,8,20,0.1,21500000,1000000,1.09608,6.7297176929491313e-06,5375000,170038.783949,1521.332865000004,164.32958608305577
86,test,125000,53,18.716981132075475,16,21,0.05,21500000,1000000,1.0704,0,5375000,170496.142979,457.34476199999335,273.31678502967486
87,train,250000,98,16.836734693877556,8,21,0.1,21750000,1000000,1.11459,5.4645383745787552e-06,5437500,172020.172894,1524.026584999985,164.03913321499076
87,test,125000,55,19.145454545454538,16,21,0.05,21750000,1000000,1.10449,0,5437500,172477.141552,456.95463199997903,273.55013221532624
88,train,250000,98,16.70408163265306,9,21,0.1,22000000,1000000,1.1034,5.3672831936716613e-06,5500000,173998.671219,1521.526321000012,164.30869223194858
88,test,125000,54,19.055555555555554,16,21,0.05,22000000,1000000,1.1223,0,5500000,174456.557762,457.87229100000695,273.00188820554354
89,train,250000,95,15.842105263157897,8,21,0.1,22250000,1000000,1.16604,5.6226894792707177e-06,5562500,175977.75079299998,1521.1896669999987,164.34505533621942
89,test,125000,56,19.089285714285722,15,21,0.05,22250000,1000000,1.19051,0,5562500,176435.347191,457.58258300001035,273.1747331388205
90,train,250000,96,16.218750000000004,11,20,0.1,22500000,1000000,1.14405,5.1767535964428067e-06,5625000,177956.69939,1521.3488690000086,164.32785739954994
90,test,125000,55,18.96363636363637,15,21,0.05,22500000,1000000,1.12978,0,5625000,178414.18711,457.47371200000634,273.2397441014015
91,train,250000,96,16.083333333333336,10,20,0.1,22750000,1000000,1.20049,5.2764359097166701e-06,5687500,179934.27543,1520.0849930000259,164.4644879406396
91,test,125000,52,19.019230769230766,16,21,0.05,22750000,1000000,1.20277,0,5687500,180392.18813999998,457.8985399999947,272.98623839246454
92,train,250000,97,16.371134020618562,1,21,0.1,23000000,1000000,1.15765,5.2940275941585031e-06,5750000,181911.72366699998,1519.5321889999905,164.5243199254146
92,test,125000,55,19.054545454545455,15,21,0.05,23000000,1000000,1.16139,0,5750000,182369.83766299998,458.09983799999463,272.86628291713447
93,train,250000,100,16.310000000000006,7,21,0.1,23250000,1000000,1.16471,5.1837919125357159e-06,5812500,183889.177678,1519.3366850000166,164.54549045526224
93,test,125000,55,19.12727272727272,15,21,0.05,23250000,1000000,1.15407,0,5812500,184346.087765,456.8961310000159,273.58515758584014
94,train,250000,99,16.363636363636367,12,21,0.1,23500000,1000000,1.13315,4.806312817219187e-06,5875000,185866.295536,1520.2044199999946,164.45156763851594
94,test,125000,56,19.01785714285714,16,21,0.05,23500000,1000000,1.12168,0,5875000,186323.510731,457.2011969999876,273.4026087862657
95,train,250000,100,16.889999999999993,7,21,0.1,23750000,1000000,1.10292,4.4033944444062749e-06,5937500,187843.67113,1520.1570320000174,164.4566941029005
95,test,125000,52,19.192307692307693,15,21,0.05,23750000,1000000,1.12666,0,5937500,188300.396346,456.71129800000926,273.69587865986506
96,train,250000,97,16.432989690721644,9,20,0.1,24000000,1000000,1.29787,4.3862328994276301e-06,6000000,189820.830478,1520.4307699999772,164.42708535818684
96,test,125000,50,18.4,14,21,0.05,24000000,1000000,1.28856,0,6000000,190278.18663399998,457.34230899999966,273.31825099085705
97,train,250000,96,16.739583333333336,8,21,0.1,24250000,1000000,1.06576,4.8773311881916327e-06,6062500,191797.542691,1519.3527180000092,164.54375408567802
97,test,125000,57,19.456140350877195,15,21,0.05,24250000,1000000,1.05582,0,6062500,192255.308575,457.751454000012,273.0739551075172
98,train,250000,97,16.16494845360824,11,21,0.1,24500000,1000000,1.08753,5.1141584981399164e-06,6125000,193774.574042,1519.2621409999847,164.55356403171407
98,test,125000,55,18.90909090909091,15,21,0.05,24500000,1000000,1.10211,0,6125000,194232.09619799998,457.50777199998265,273.2194022706236
99,train,250000,99,16.595959595959588,12,21,0.1,24750000,1000000,1.12103,5.1805203238559852e-06,6187500,195752.072234,1519.9726939999964,164.47663894677873
99,test,125000,54,19.22222222222222,17,21,0.05,24750000,1000000,1.11799,0,6187500,196209.891774,457.8050419999927,273.04199065593076
100,train,250000,98,16.336734693877546,10,21,0.1,25000000,1000000,1.09871,4.6394331554867476e-06,6250000,197729.80568,1519.9105529999943,164.48336351540613
100,test,125000,57,18.964912280701757,14,21,0.05,25000000,1000000,1.11021,0,6250000,198187.303045,457.4831280000217,273.23412023184835
101,train,250000,97,16.051546391752574,7,21,0.1,25250000,1000000,1.09026,4.5316340682430005e-06,6312500,199707.818907,1520.51253800001,164.41824302799557
101,test,125000,54,19.55555555555555,16,21,0.05,25250000,1000000,1.10442,0,6312500,200164.771258,456.93834200000856,273.559884366188
102,train,250000,100,16.48999999999999,4,21,0.1,25500000,1000000,1.14304,4.7023563129857608e-06,6375000,201687.124854,1522.3502529999823,164.2197644775528
102,test,125000,54,18.759259259259256,15,21,0.05,25500000,1000000,1.15241,0,6375000,202144.434164,457.29487000001245,273.34660456610106
103,train,250000,97,16.010309278350512,6,21,0.1,25750000,1000000,1.02283,4.7169180280036247e-06,6437500,203664.326439,1519.8889469999995,164.48570173068052
103,test,125000,55,19.054545454545462,12,21,0.05,25750000,1000000,1.01924,0,6437500,204122.156659,457.81620299999486,273.03533422560275
104,train,250000,99,16.232323232323235,3,21,0.1,26000000,1000000,1.10501,4.4361427975220026e-06,6500000,205642.288374,1520.128349000006,164.45979720361035
104,test,125000,53,18.77358490566037,15,21,0.05,26000000,1000000,1.11463,0,6500000,206099.528614,457.2259850000264,273.3877865668391
105,train,250000,98,16.63265306122448,9,21,0.1,26250000,1000000,1.20318,4.4425488089255481e-06,6562500,207621.318083,1521.7861289999855,164.2806405156834
105,test,125000,57,18.96491228070176,16,21,0.05,26250000,1000000,1.2123,0,6562500,208078.291101,456.9591740000178,273.54741323126416
106,train,250000,96,16.395833333333332,5,20,0.1,26500000,1000000,1.08177,4.367912501632646e-06,6625000,209600.578264,1522.2838120000088,164.22693194874398
106,test,125000,55,18.63636363636364,15,21,0.05,26500000,1000000,1.12749,0,6625000,210058.427964,457.8355429999938,273.0238006008234
107,train,250000,99,16.29292929292929,3,21,0.1,26750000,1000000,1.04482,4.0326927084441584e-06,6687500,211579.133329,1520.701998000004,164.39775861989716
107,test,125000,56,19.214285714285715,16,21,0.05,26750000,1000000,1.04789,0,6687500,212036.759701,457.6122270000051,273.15703695128457
108,train,250000,96,15.822916666666666,2,21,0.1,27000000,1000000,1.01766,4.0418822381848187e-06,6750000,213557.806145,1521.043117000023,164.3608897117124
108,test,125000,52,18.57692307692308,15,21,0.05,27000000,1000000,1.00731,0,6750000,214015.697412,457.8771720000077,272.99897798791744
109,train,250000,94,15.861702127659578,8,20,0.1,27250000,1000000,0.984814,4.9869349549536168e-06,6812500,215536.526972,1520.826212999993,164.38433126875697
109,test,125000,53,19.37735849056604,14,21,0.05,27250000,1000000,0.953779,0,6812500,215994.670236,458.12939200000255,272.8486802697857
110,train,250000,96,16.0,10,21,0.1,27500000,1000000,1.08653,5.0685209976011796e-06,6875000,217515.96335,1521.2897809999995,164.3342400128829
110,test,125000,54,18.74074074074074,15,21,0.05,27500000,1000000,1.0932,0,6875000,217974.436532,458.45898299998953,272.6525264747683
111,train,250000,99,16.111111111111118,4,21,0.1,27750000,1000000,1.05133,4.7583857091780266e-06,6937500,219496.531453,1522.0915770000138,164.24767325284117
111,test,125000,54,18.611111111111104,15,21,0.05,27750000,1000000,1.07523,0,6937500,219953.951737,457.4064279999875,273.27993737771305
112,train,250000,95,16.189473684210522,9,21,0.1,28000000,1000000,1.14044,4.3719706532415856e-06,7000000,221477.278695,1523.3235989999957,164.1148342769163
112,test,125000,51,19.49019607843137,16,21,0.05,28000000,1000000,1.15118,0,7000000,221935.184768,457.89224499999546,272.9899913461108
113,train,250000,101,16.73267326732672,10,21,0.1,28250000,1000000,1.04043,4.420091340528262e-06,7062500,223458.075834,1522.8877069999871,164.16180841888044
113,test,125000,55,19.200000000000006,12,21,0.05,28250000,1000000,1.04142,0,7062500,223916.681623,458.5916600000055,272.57364427429513
114,train,250000,99,16.64646464646464,11,21,0.1,28500000,1000000,1.20829,4.0081139114192991e-06,7125000,225438.091969,1521.4070270000084,164.32157572780727
114,test,125000,56,19.125,15,21,0.05,28500000,1000000,1.24137,0,7125000,225896.324512,458.2187200000044,272.7954894553387
115,train,250000,99,16.363636363636367,8,20,0.1,28750000,1000000,1.00776,3.656122369331351e-06,7187500,227420.00998,1523.682130000001,164.07621713066874
115,test,125000,50,18.68,16,21,0.05,28750000,1000000,1.01514,0,7187500,227877.275189,457.25137600000016,273.37260544405655
116,train,250000,101,16.524752475247524,3,21,0.1,29000000,1000000,1.2185,3.8030861238577968e-06,7250000,229400.988343,1523.7097899999935,164.07323864474287
116,test,125000,56,18.821428571428566,13,21,0.05,29000000,1000000,1.18044,0,7250000,229858.973875,457.9717139999848,272.94262108075117
117,train,250000,97,16.701030927835056,7,21,0.1,29250000,1000000,1.11584,3.7786904644605501e-06,7312500,231383.605886,1524.6286580000015,163.9743544686799
117,test,125000,54,19.42592592592593,16,21,0.05,29250000,1000000,1.12134,0,7312500,231841.143429,457.5235919999832,273.2099550398804
118,train,250000,101,16.851485148514858,9,21,0.1,29500000,1000000,1.1018,3.629892349329458e-06,7375000,233362.834389,1521.6876270000066,164.29127474268338
118,test,125000,55,18.69090909090909,15,21,0.05,29500000,1000000,1.09122,0,7375000,233821.093793,458.2454570000118,272.7795728043558
119,train,250000,99,16.353535353535353,8,21,0.1,29750000,1000000,1.04377,3.7418681639691666e-06,7437500,235342.795096,1521.697914999997,164.2901639909262
119,test,125000,55,18.636363636363633,15,21,0.05,29750000,1000000,1.05465,0,7437500,235808.059626,465.2502380000078,268.6726191422129
120,train,250000,96,15.677083333333336,1,21,0.1,30000000,1000000,1.03885,3.8745402283357509e-06,7500000,237337.540978,1529.4779180000187,163.45446838938733
120,test,125000,53,18.18867924528302,11,21,0.05,30000000,1000000,1.07107,0,7500000,237795.60494699999,458.0501069999882,272.89590830726127
121,train,250000,98,16.173469387755105,11,21,0.1,30250000,1000000,1.01513,4.4047057726545503e-06,7562500,239344.444424,1548.8361399999994,161.41152284837574
121,test,125000,56,18.892857142857146,15,21,0.05,30250000,1000000,0.999026,0,7562500,239831.176665,486.71816099999705,256.82214064743056
122,train,250000,99,16.353535353535356,8,21,0.1,30500000,1000000,1.14176,4.2713410464677571e-06,7625000,241361.625553,1530.44531499999,163.3511485511664
122,test,125000,52,19.0,15,21,0.05,30500000,1000000,1.13903,0,7625000,241819.411933,457.7724210000015,273.06144771006115
123,train,250000,96,16.083333333333336,9,20,0.1,30750000,1000000,1.01499,3.9226112090284737e-06,7687500,243449.276513,1629.8612509999948,153.38728977488944
123,test,125000,57,19.140350877192976,16,21,0.05,30750000,1000000,1.00957,0,7687500,243932.693059,483.39853600002243,258.58580589494005
124,train,250000,97,15.721649484536085,7,21,0.1,31000000,1000000,1.03667,3.7703210839442394e-06,7750000,245459.560019,1526.8633329999866,163.73436613269052
124,test,125000,56,19.071428571428566,14,21,0.05,31000000,1000000,1.03999,0,7750000,245916.903967,457.32872299998417,273.326370537204
125,train,250000,96,16.000000000000007,7,20,0.1,31250000,1000000,1.06147,4.1840715755867196e-06,7812500,247439.315266,1522.4079419999907,164.21354165531642
125,test,125000,55,19.200000000000003,15,21,0.05,31250000,1000000,1.06487,0,7812500,247897.266321,457.9359359999944,272.96394576904646
126,train,250000,100,16.140000000000004,8,20,0.1,31500000,1000000,1.1619,4.0312744928095942e-06,7875000,249418.125087,1520.855436999991,164.38117254138564
126,test,125000,56,18.732142857142858,15,21,0.05,31500000,1000000,1.15796,0,7875000,249876.220282,458.0804469999857,272.87783361773546
127,train,250000,97,15.927835051546387,8,21,0.1,31750000,1000000,1.11167,3.6677592245377742e-06,7937500,251398.511594,1522.2879810000013,164.22648219016568
127,test,125000,54,19.055555555555564,14,21,0.05,31750000,1000000,1.10639,0,7937500,251856.668482,458.14196200002334,272.8411941449573
128,train,250000,100,16.139999999999993,8,20,0.1,32000000,1000000,1.03549,3.6223961579494407e-06,8000000,253378.909135,1522.2372840000025,164.2319516331066
128,test,125000,47,14.93617021276596,8,20,0.05,32000000,1000000,1.01833,0,8000000,253836.951904,458.02839299998595,272.9088456313315
129,train,250000,99,16.070707070707066,6,20,0.1,32250000,1000000,1.14857,4.0213275993547473e-06,8062500,255358.50101,1521.545775000006,164.30659143330672
129,test,125000,51,19.137254901960784,16,21,0.05,32250000,1000000,1.14791,0,8062500,255816.301109,457.78529400000116,273.05376917590473
130,train,250000,96,16.083333333333332,8,21,0.1,32500000,1000000,1.12016,3.9397482158924905e-06,8125000,257337.49840799998,1521.1939669999992,164.34459077762048
130,test,125000,57,19.05263157894737,15,21,0.05,32500000,1000000,1.1177,0,8125000,257795.110744,457.59783000001335,273.1656310520449
131,train,250000,100,16.15999999999999,6,20,0.1,32750000,1000000,1.15573,3.721012058089979e-06,8187500,259316.375996,1521.2619009999908,164.33725174847558
131,test,125000,50,18.28,12,21,0.05,32750000,1000000,1.14999,0,8187500,259772.864054,456.47365400000126,273.8383670221626
132,train,250000,99,15.929292929292929,5,20,0.1,33000000,1000000,1.08231,3.5191718273424708e-06,8250000,261294.286646,1521.4192219999968,164.32025860128152
132,test,125000,55,18.56363636363636,12,21,0.05,33000000,1000000,1.08146,0,8250000,261750.975409,456.67462100001285,273.7178600516022
133,train,250000,100,16.04,5,20,0.1,33250000,1000000,1.04382,3.2575523519977913e-06,8312500,263271.87206400005,1520.8933020000404,164.37708001688165
133,test,125000,56,19.42857142857143,15,21,0.05,33250000,1000000,1.04032,0,8312500,263728.78724000003,456.9010850000195,273.58219120883604
134,train,250000,100,16.209999999999997,9,21,0.1,33500000,1000000,1.19682,2.9963947717485412e-06,8375000,265250.319427,1521.5288449999643,164.3084196671972
134,test,125000,51,18.725490196078432,15,21,0.05,33500000,1000000,1.18058,0,8375000,265707.03373200004,456.70032800000627,273.70245286970385
135,train,250000,99,16.111111111111118,5,20,0.1,33750000,1000000,1.17455,2.8379195166680536e-06,8437500,267228.38261100004,1521.3455299999914,164.32821806102223
135,test,125000,54,18.88888888888889,11,21,0.05,33750000,1000000,1.17297,0,8437500,267685.48726,457.09064800001215,273.4687321802232
136,train,250000,96,16.281250000000004,9,21,0.1,34000000,1000000,1.1268,3.0928601395736374e-06,8500000,269206.84516,1521.3545610000147,164.32724258286663
136,test,125000,49,17.12244897959184,13,21,0.05,34000000,1000000,1.11338,0,8500000,269663.51995100005,456.6607710000244,273.72616160189796
137,train,250000,98,16.27551020408163,5,21,0.1,34250000,1000000,1.20224,3.5407009018649892e-06,8562500,271183.787977,1520.264685000002,164.44504859362675
137,test,125000,54,19.0,16,21,0.05,34250000,1000000,1.18174,0,8562500,271641.56907900004,457.76690400001826,273.06473864260624
138,train,250000,99,16.22222222222222,1,20,0.1,34500000,1000000,1.01467,3.4898667192502554e-06,8625000,273164.448592,1522.8761709999526,164.16305196754425
138,test,125000,53,18.471698113207545,14,21,0.05,34500000,1000000,1.03351,0,8625000,273621.870516,457.4075469999807,273.27926882676746
139,train,250000,97,16.43298969072165,11,21,0.1,34750000,1000000,1.22567,3.3580707057083233e-06,8687500,275141.30056,1519.4267099999706,164.53574124677908
139,test,125000,56,18.982142857142858,15,21,0.05,34750000,1000000,1.22984,0,8687500,275598.419157,457.1045269999886,273.4604288878616
140,train,250000,96,16.62500000000001,11,21,0.1,35000000,1000000,1.10273,3.0460738038299067e-06,8750000,277118.698082,1520.2755640000105,164.44387183480262
140,test,125000,56,19.053571428571427,15,21,0.05,35000000,1000000,1.09162,0,8750000,277576.01821300003,457.30608300003223,273.3399021941092
141,train,250000,98,16.142857142857142,8,21,0.1,35250000,1000000,1.21247,3.2393550532805765e-06,8812500,279095.539644,1519.5181029999512,164.52584507313898
141,test,125000,56,19.821428571428566,17,21,0.05,35250000,1000000,1.20133,0,8812500,279552.82707,457.2729389999877,273.3597143827559
142,train,250000,98,16.367346938775512,10,21,0.1,35500000,1000000,1.22622,3.1558205220254839e-06,8875000,281071.96482600004,1519.1344110000064,164.56739982305552
142,test,125000,57,19.210526315789476,15,21,0.05,35500000,1000000,1.22563,0,8875000,281529.949189,457.9703059999738,272.9434602251421
143,train,250000,102,16.313725490196077,1,21,0.1,35750000,1000000,1.19588,3.1029365178666623e-06,8937500,283049.49209,1519.539563999977,164.52352141586212
143,test,125000,56,19.26785714285714,17,21,0.05,35750000,1000000,1.19355,0,8937500,283508.049451,458.54311299999245,272.6025022646062
144,train,250000,98,16.530612244897963,9,21,0.1,36000000,1000000,1.03912,2.9633427404211385e-06,9000000,285027.51080000005,1519.4580050000222,164.532352442341
144,test,125000,47,17.85106382978724,11,21,0.05,36000000,1000000,1.05977,0,9000000,285484.71836500004,457.1930799999973,273.40746277262275
145,train,250000,100,16.39999999999999,4,20,0.1,36250000,1000000,1.0577,3.1493187136516509e-06,9062500,287005.801334,1521.0796259999624,164.35694471658525
145,test,125000,58,19.44827586206897,16,21,0.05,36250000,1000000,1.06376,0,9062500,287470.224914,464.4097130000009,269.15888384961437
146,train,250000,100,16.359999999999996,8,21,0.1,36500000,1000000,1.13501,3.0734216777754585e-06,9125000,288989.763324,1519.534874999954,164.5240291046348
146,test,125000,55,19.39999999999999,16,21,0.05,36500000,1000000,1.11402,0,9125000,289447.606618,457.82898900000146,273.0277090426871
147,train,250000,96,16.21875,10,20,0.1,36750000,1000000,1.10905,3.1446367907511986e-06,9187500,290968.879108,1521.2691660000128,164.33646693658017
147,test,125000,54,19.09259259259259,16,21,0.05,36750000,1000000,1.11,0,9187500,291426.653307,457.7602569999872,273.06870373415467
148,train,250000,99,16.2020202020202,5,21,0.1,37000000,1000000,1.0873,2.9074532408566424e-06,9250000,292946.16539200005,1519.5087400000193,164.52685885834182
148,test,125000,51,18.921568627450977,15,21,0.05,37000000,1000000,1.08894,0,9250000,293403.414493,457.2347679999657,273.38253507443113
149,train,250000,99,16.23232323232323,2,21,0.1,37250000,1000000,1.14592,3.0730864954356342e-06,9312500,294924.89009400003,1521.4722739999997,164.3145289415902
149,test,125000,57,18.736842105263158,14,21,0.05,37250000,1000000,1.17271,0,9312500,295381.588362,456.6843809999991,273.7120103084941
150,train,250000,96,16.447916666666668,9,21,0.1,37500000,1000000,1.0567,2.8565804173044562e-06,9375000,296903.507134,1521.9154199999757,164.26668441272773
150,test,125000,57,19.105263157894736,14,21,0.05,37500000,1000000,1.07669,0,9375000,297361.79977000004,458.27835600002436,272.7599904368893
151,train,250000,97,15.804123711340203,8,20,0.1,37750000,1000000,1.09332,2.8268692910051229e-06,9437500,298880.99784100003,1519.1947369999834,164.56086498409368
151,test,125000,57,19.122807017543863,17,21,0.05,37750000,1000000,1.1038,0,9437500,299339.61740600003,458.6053630000097,272.56549985002545
152,train,250000,99,16.292929292929294,5,20,0.1,38000000,1000000,1.15907,2.8975844576602002e-06,9500000,300859.891787,1520.271047999966,164.44436031909856
152,test,125000,55,18.836363636363632,13,21,0.05,38000000,1000000,1.16839,0,9500000,301316.884038,456.97810900001787,273.5360787271215
153,train,250000,100,16.1,5,20,0.1,38250000,1000000,1.11168,2.9171717044449554e-06,9562500,302838.67650700005,1521.789104000025,164.2803193575737
153,test,125000,47,18.191489361702125,13,21,0.05,38250000,1000000,1.11588,0,9562500,303295.46058500005,456.77032900002087,273.66050740129026
154,train,250000,101,16.504950495049496,7,21,0.1,38500000,1000000,1.08225,2.8739221834595554e-06,9625000,304817.39814600005,1521.9342270000488,164.2646545197856
154,test,125000,50,18.76,16,21,0.05,38500000,1000000,1.10591,0,9625000,305274.129854,456.71797499997774,273.69187735605567
155,train,250000,100,16.51,9,21,0.1,38750000,1000000,0.998104,2.9681328388529642e-06,9687500,306795.135835,1521.0026380000054,164.3652639082399
155,test,125000,55,18.909090909090903,15,21,0.05,38750000,1000000,0.994871,0,9687500,307253.629506,458.47976700001163,272.64016647434045
156,train,250000,101,16.346534653465355,8,20,0.1,39000000,1000000,1.03561,2.7299577694758243e-06,9750000,308775.025245,1521.3924129999941,164.32315414734552
156,test,125000,54,18.907407407407412,14,21,0.05,39000000,1000000,1.05388,0,9750000,309232.431625,457.392685000028,273.288148453866
157,train,250000,101,16.33663366336634,6,21,0.1,39250000,1000000,1.06264,2.5251288714784885e-06,9812500,310753.24444100005,1520.8094680000213,164.38614123619888
157,test,125000,58,19.03448275862069,16,21,0.05,39250000,1000000,1.0812,0,9812500,311212.4058,459.1473489999771,272.24375850639234
158,train,250000,100,16.259999999999998,8,21,0.1,39500000,1000000,1.25792,2.2740778094006888e-06,9875000,312733.94790800003,1521.5387489999994,164.30735015083084
158,test,125000,58,19.499999999999996,16,21,0.05,39500000,1000000,1.25311,0,9875000,313191.34210500005,457.3804630000377,273.29545118762474
159,train,250000,98,16.43877551020409,11,21,0.1,39750000,1000000,1.11152,2.3721172353349622e-06,9937500,314711.30688600003,1519.961433999997,164.47785740332176
159,test,125000,52,19.500000000000007,15,21,0.05,39750000,1000000,1.13667,0,9937500,315169.222298,457.9013709999854,272.98455064028184
160,train,250000,99,16.202020202020197,2,20,0.1,40000000,1000000,1.12718,2.3021395671752414e-06,10000000,316691.900326,1522.6746789999888,164.18477528252234
160,test,125000,52,19.134615384615376,15,21,0.05,40000000,1000000,1.14178,0,10000000,317149.79688000004,457.88268400001107,272.9956916212996
161,train,250000,102,16.313725490196074,10,20,0.1,40250000,1000000,1.1879,2.4245572746073267e-06,10062500,318670.743291,1520.9430769999744,164.37170054590032
161,test,125000,55,18.945454545454545,16,21,0.05,40250000,1000000,1.17674,0,10062500,319127.699954,456.94302499998594,273.55708077610734
162,train,250000,101,15.940594059405942,1,20,0.1,40500000,1000000,1.25543,2.3662944205524296e-06,10125000,320648.957406,1521.254105,164.33809393073093
162,test,125000,55,18.83636363636364,13,21,0.05,40500000,1000000,1.26385,0,10125000,321106.383617,457.4119349999819,273.2766472304772
163,train,250000,101,16.128712871287135,4,21,0.1,40750000,1000000,1.16869,2.4104200381254315e-06,10187500,322627.15569100005,1520.7687450000085,164.39054315256763
163,test,125000,52,18.653846153846153,14,21,0.05,40750000,1000000,1.18581,0,10187500,323085.088593,457.9192889999831,272.9738689824106
164,train,250000,100,16.49,5,21,0.1,41000000,1000000,1.18032,2.4593711515239663e-06,10250000,324606.91367000004,1521.8217300000251,164.27679738808558
164,test,125000,52,19.42307692307692,17,21,0.05,41000000,1000000,1.15105,0,10250000,325064.029102,457.1016579999705,273.462145263118
165,train,250000,99,16.4141414141414,8,21,0.1,41250000,1000000,1.17719,2.3885223347151982e-06,10312500,326586.37150500005,1522.33905400004,164.2209725508319
165,test,125000,50,19.139999999999993,15,21,0.05,41250000,1000000,1.18531,0,10312500,327043.278072,456.89296999998624,273.58705037637975
166,train,250000,95,16.168421052631576,9,20,0.1,41500000,1000000,1.10038,2.62510355747115e-06,10375000,328564.895948,1521.6145370000158,164.29916639262325
166,test,125000,55,19.25454545454545,16,21,0.05,41500000,1000000,1.08978,0,10375000,329022.91210500005,458.00256000005174,272.9242386767137
167,train,250000,99,16.27272727272728,4,21,0.1,41750000,1000000,1.16136,2.6019279148389839e-06,10437500,330544.756523,1521.8410830000066,164.2747083073712
167,test,125000,58,18.965517241379313,14,21,0.05,41750000,1000000,1.14529,0,10437500,331010.735583,465.96491499996046,268.26054060317097
168,train,250000,101,16.65346534653466,2,21,0.1,42000000,1000000,1.11037,2.3362896316877376e-06,10500000,332532.03929900005,1521.3002500000293,164.3331091281916
168,test,125000,49,18.653061224489797,14,21,0.05,42000000,1000000,1.09123,0,10500000,332989.03428200004,456.9813120000181,273.53416150198075
169,train,250000,98,16.42857142857143,11,21,0.1,42250000,1000000,1.11986,2.4191049568714263e-06,10562500,334514.65039100003,1525.6127470000065,163.8685836177003
169,test,125000,49,19.020408163265305,12,21,0.05,42250000,1000000,1.14434,0,10562500,334972.55449400004,457.89021300000604,272.99120280607167
170,train,250000,99,16.060606060606062,8,21,0.1,42500000,1000000,1.07965,2.3208222749451456e-06,10625000,336493.346206,1520.788356999983,164.38842318149256
170,test,125000,49,18.918367346938783,13,21,0.05,42500000,1000000,1.05944,0,10625000,336951.07156500005,457.7114790000487,273.0978044795479
171,train,250000,98,16.346938775510203,3,21,0.1,42750000,1000000,1.07115,2.6159480334243295e-06,10687500,338471.091108,1520.016209000023,164.47193031215642
171,test,125000,49,18.734693877551024,15,21,0.05,42750000,1000000,1.06818,0,10687500,338928.83818400005,457.7331240000203,273.0848904000106
172,train,250000,101,16.118811881188115,6,20,0.1,43000000,1000000,1.06118,2.4874416961272635e-06,10750000,340449.852093,1521.0105570000014,164.36440815578098
172,test,125000,54,18.870370370370374,16,21,0.05,43000000,1000000,1.05595,0,10750000,340907.39335200004,457.5271270000376,273.2078441329004
173,train,250000,96,15.999999999999998,10,21,0.1,43250000,1000000,1.07555,2.5478363153428803e-06,10812500,342427.11999800004,1519.7233170000254,164.50362852463613
173,test,125000,55,18.69090909090909,14,21,0.05,43250000,1000000,1.06188,0,10812500,342884.99923500005,457.86505000002217,273.00620564944614
174,train,250000,99,16.383838383838363,9,20,0.1,43500000,1000000,1.16432,2.3835244017249497e-06,10875000,344407.697294,1522.6946959999623,164.18261694661226
174,test,125000,58,19.5,16,21,0.05,43500000,1000000,1.1695,0,10875000,344865.423888,457.7125150000211,273.0971863419427
175,train,250000,97,16.06185567010309,9,20,0.1,43750000,1000000,1.05605,2.3973989751953278e-06,10937500,346385.405426,1519.9782000000123,164.476043143249
175,test,125000,52,18.865384615384617,15,21,0.05,43750000,1000000,1.06185,0,10937500,346842.97097100003,457.5516100000241,273.1932251314631
176,train,250000,99,16.242424242424246,5,21,0.1,44000000,1000000,1.18484,2.2291539262167478e-06,11000000,348362.620828,1519.6465289999614,164.51194092123401
176,test,125000,54,19.074074074074076,13,21,0.05,44000000,1000000,1.18624,0,11000000,348820.75675700005,458.12211200001184,272.8530160971509
177,train,250000,101,16.168316831683175,2,21,0.1,44250000,1000000,1.17465,2.0977254681271806e-06,11062500,350342.989133,1522.2290470000007,164.23284031578453
177,test,125000,50,19.359999999999996,15,21,0.05,44250000,1000000,1.16784,0,11062500,350799.865203,456.86237200000323,273.60537365506457
178,train,250000,99,15.878787878787886,9,21,0.1,44500000,1000000,1.04312,2.0131593348006809e-06,11125000,352321.93496600003,1522.0663950000308,164.25039066708712
178,test,125000,51,18.52941176470588,13,21,0.05,44500000,1000000,1.05379,0,11125000,352779.86649800005,457.9177070000442,272.97481204409496
179,train,250000,97,16.23711340206186,4,21,0.1,44750000,1000000,1.06642,2.1777071331527529e-06,11187500,354299.794139,1519.9242939999676,164.48187649009662
179,test,125000,51,19.3921568627451,16,21,0.05,44750000,1000000,1.0628,0,11187500,354757.84365600004,458.0354250000091,272.904655791629
180,train,250000,101,16.9009900990099,11,21,0.1,45000000,1000000,1.02906,2.1778715943990444e-06,11250000,356276.731946,1518.8849599999958,164.59442721718747
180,test,125000,50,18.500000000000007,15,21,0.05,45000000,1000000,1.04101,0,11250000,356734.671801,457.9256859999732,272.9700556697038
181,train,250000,99,16.111111111111104,7,21,0.1,45250000,1000000,1.10721,2.4590094014662825e-06,11312500,358254.803735,1520.1286039999686,164.4597696156536
181,test,125000,52,18.961538461538463,16,21,0.05,45250000,1000000,1.12693,0,11312500,358712.143785,457.32614999997895,273.32790832102154
182,train,250000,98,16.244897959183668,12,21,0.1,45500000,1000000,1.13213,2.2910227412671241e-06,11375000,360233.347323,1521.2001910000108,164.34391836070853
182,test,125000,57,19.421052631578945,14,21,0.05,45500000,1000000,1.13913,0,11375000,360690.08591200004,456.7250709999935,273.68762508770135
183,train,250000,98,16.428571428571434,6,21,0.1,45750000,1000000,1.06903,2.1144170535822352e-06,11437500,362211.719945,1521.6306820000173,164.29742312464566
183,test,125000,51,19.529411764705888,15,21,0.05,45750000,1000000,1.05649,0,11437500,362668.68184100004,456.9482270000153,273.55396654158767
184,train,250000,99,16.63636363636364,10,21,0.1,46000000,1000000,1.11263,2.1707143192973757e-06,11500000,364189.38356000005,1520.6983810000238,164.3981496420072
184,test,125000,58,19.189655172413786,16,21,0.05,46000000,1000000,1.11558,0,11500000,364647.000038,457.6028679999872,273.1626236223753
185,train,250000,97,15.969072164948457,6,21,0.1,46250000,1000000,0.944129,2.0360325607436416e-06,11562500,366167.66221200005,1520.6588460000348,164.40242376362323
185,test,125000,56,18.946428571428573,13,21,0.05,46250000,1000000,0.943195,0,11562500,366625.14511700004,457.46892300003674,273.2426045036287
186,train,250000,99,16.03030303030304,8,21,0.1,46500000,1000000,1.06993,2.1073375658170682e-06,11625000,368146.903903,1521.7554259999888,164.28395504863593
186,test,125000,53,19.09433962264151,15,21,0.05,46500000,1000000,1.07134,0,11625000,368604.98031400004,458.06233300000895,272.88862452699766
187,train,250000,99,16.202020202020197,7,20,0.1,46750000,1000000,1.08681,2.1260670893069201e-06,11687500,370124.429179,1519.4455200000084,164.5337043739473
187,test,125000,57,19.052631578947377,15,21,0.05,46750000,1000000,1.07664,0,11687500,370581.237427,456.79456700000446,273.64598668705
188,train,250000,100,16.150000000000002,4,21,0.1,47000000,1000000,1.04051,2.056809792473443e-06,11750000,372101.634999,1520.394227999961,164.4310372901563
188,test,125000,57,19.368421052631582,15,21,0.05,47000000,1000000,1.04812,0,11750000,372559.28798,457.6390159999719,273.1410470474565
189,train,250000,102,16.519607843137255,5,20,0.1,47250000,1000000,1.18469,2.0112274716124431e-06,11812500,374078.818304,1519.5269949999638,164.52488229734013
189,test,125000,52,18.884615384615387,15,21,0.05,47250000,1000000,1.18844,0,11812500,374537.26612900005,458.43373900000006,272.6675402920115
190,train,250000,97,15.855670103092786,4,20,0.1,47500000,1000000,0.96383,1.9949602612937638e-06,11875000,376056.419423,1519.1499489999842,164.56571661314166
190,test,125000,50,18.479999999999997,14,21,0.05,47500000,1000000,0.971325,0,11875000,376513.794842,457.36117899999954,273.3069743114339
191,train,250000,97,16.06185567010309,9,20,0.1,47750000,1000000,1.1424,2.080968535566953e-06,11937500,378034.78680700005,1520.9886170000536,164.36677908417983
191,test,125000,51,18.921568627450974,16,21,0.05,47750000,1000000,1.16025,0,11937500,378492.371453,457.5708679999807,273.18172711992946
192,train,250000,100,16.39,6,21,0.1,48000000,1000000,1.07011,2.0583286668470375e-06,12000000,380012.872144,1520.4973519999767,164.4198851587371
192,test,125000,56,19.03571428571429,16,21,0.05,48000000,1000000,1.04207,0,12000000,380470.645986,457.758507999999,273.0697470728393
193,train,250000,100,16.159999999999997,8,21,0.1,48250000,1000000,1.14003,2.0512002041070949e-06,12062500,381990.656602,1520.007285999949,164.4728958226904
193,test,125000,57,18.964912280701753,13,21,0.05,48250000,1000000,1.16286,0,12062500,382448.09925,457.4275069999858,273.2673441958179
194,train,250000,97,16.14432989690722,8,21,0.1,48500000,1000000,1.0082,1.9366173930395841e-06,12125000,383968.242395,1520.139812999987,164.45855694459212
194,test,125000,52,19.096153846153854,15,21,0.05,48500000,1000000,1.02503,0,12125000,384426.163791,457.90655600000173,272.98145956224204
195,train,250000,99,16.27272727272727,6,21,0.1,48750000,1000000,1.11303,1.9384945368745088e-06,12187500,385946.095365,1519.9282409999869,164.48144935810964
195,test,125000,57,19.263157894736842,16,21,0.05,48750000,1000000,1.12175,0,12187500,386404.00825500005,457.8984950000304,272.98626522018094
196,train,250000,99,16.666666666666668,9,21,0.1,49000000,1000000,1.11162,1.8846549540560556e-06,12250000,387926.29685600003,1522.285244000028,164.22677746194813
196,test,125000,55,18.836363636363632,15,21,0.05,49000000,1000000,1.13002,0,12250000,388383.73739900003,457.4262560000061,273.268091545664
197,train,250000,100,16.34999999999999,10,20,0.1,49250000,1000000,1.0736,1.9285165846766237e-06,12312500,389902.743681,1519.0029440000071,164.5816428384742
197,test,125000,58,18.99999999999999,15,21,0.05,49250000,1000000,1.08932,0,12312500,390360.981404,458.2235469999723,272.7926157841198
198,train,250000,100,15.76,5,21,0.1,49500000,1000000,1.15827,1.8868018685783516e-06,12375000,391883.687333,1522.7025879999856,164.18176600616795
198,test,125000,58,18.879310344827587,14,21,0.05,49500000,1000000,1.15765,0,12375000,392341.043269,457.34212300000945,273.3183621487615
199,train,250000,101,16.56435643564357,8,21,0.1,49750000,1000000,1.12203,1.909684165583699e-06,12437500,393860.47759100003,1519.4309769999818,164.53527918300628
199,test,125000,52,19.442307692307704,14,21,0.05,49750000,1000000,1.10565,0,12437500,394318.520281,458.02845199999865,272.9088104771281
200,train,250000,101,16.217821782178227,5,21,0.1,50000000,1000000,1.06237,1.8481199286806738e-06,12500000,395837.290439,1518.7668279999634,164.6072296227463
200,test,125000,57,18.6140350877193,14,21,0.05,50000000,1000000,1.05971,0,12500000,396294.200674,456.8959920000052,273.5852408177802
